{
  "total_revenus_mensuels": 13760.0,
  "total_charges_mensuelles": 4465.91594937235,
  "revenus_salaires": 13110.0,
  "revenus_patrimoine": 650.0,
  "charges_par_categorie": {
    "Impôts et taxes": 2445.3333333333335,
    "Logement": 233.0,
    "Remboursement de prêts": 1787.582616039017
  },
  "flux_net_mensuel": 9294.08405062765,
  "flux_net_annuel": 111529.00860753181,
  "nombre_revenus": 3,
  "nombre_charges": 4,
  "date_export": "2025-09-26"
}